cmkndbkdb00003geok1izo514,16.4/2 ROYAL BLUE,164-2-royal-blue,2026-01-21 01:52:33.454,
cmkndbkdc00013geoai3i7n9k,16/2 AC BLACK,16-2-ac-black,2026-01-21 01:52:33.454,
cmkndbkdc00023geohgt0x2zi,16/2 AC GREEN,16-2-ac-green,2026-01-21 01:52:33.454,
cmkndbkdc00033geoafy4ye6r,16/2 GREEN,16-2-green,2026-01-21 01:52:33.454,
cmkndbkdc00043geoe71u9hcu,16/2 GREY,16-2-grey,2026-01-21 01:52:33.454,
cmkndbkdc00053geojyq2d1rg,20/2 AC BROWN,20-2-ac-brown,2026-01-21 01:52:33.454,
cmkndbkdc00063geojbujxjzb,20/2 BLACK,20-2-black,2026-01-21 01:52:33.454,
cmkndbkdc00073geof0z8x71g,20/2 GREEN,20-2-green,2026-01-21 01:52:33.454,
cmkndbkdc00083geoqrqdrrcn,20/2 GREY,20-2-grey,2026-01-21 01:52:33.454,
cmkndbkdc00093geoeqxcm7nl,20/2 RED,20-2-red,2026-01-21 01:52:33.454,
cmkndbkdc000a3geon9odidhr,20/2 TURQOISE BLUE,20-2-turqoise-blue,2026-01-21 01:52:33.454,
cmkndbkdc000b3geoo757vgkf,20/2 YELLOW,20-2-yellow,2026-01-21 01:52:33.454,
cmkndbkdc000c3geo2byc1eju,20/3 GREEN,20-3-green,2026-01-21 01:52:33.454,
cmkndbkdc000d3geoo6x8ceks,20/3 RED,20-3-red,2026-01-21 01:52:33.454,
cmkndbkdc000e3geonncha1xj,20/3 ROYAL BLUE,20-3-royal-blue,2026-01-21 01:52:33.454,
cmkndbkdc000f3geogjp6e3sd,20/4 GREEN,20-4-green,2026-01-21 01:52:33.454,
cmkndbkdc000g3geolonizcab,20/4 RED,20-4-red,2026-01-21 01:52:33.454,
cmkndbkdc000h3geo0ot8hmxt,30/2 AC BROWN,30-2-ac-brown,2026-01-21 01:52:33.454,
cmkndbkdc000i3georaumzz78,30/2 BLACK,30-2-black,2026-01-21 01:52:33.454,
cmkndbkdc000j3geoohu1xxvj,30/2 GREEN,30-2-green,2026-01-21 01:52:33.454,
cmkndbkdc000l3geojr6bmiwa,30/2 TR GREEN,30-2-tr-green,2026-01-21 01:52:33.454,
cmkndbkdc000m3geoywxpgjg3,30/2 TR RED,30-2-tr-red,2026-01-21 01:52:33.454,
cmkndbkdc000n3geoa8w41h3i,50/6 RED,50-6-red,2026-01-21 01:52:33.454,
cmkndbkdc000o3geoovf20o70,60/2 BLACK,60-2-black,2026-01-21 01:52:33.454,
cmkndbkdc000p3geomk2d3wui,60/2 GREEN,60-2-green,2026-01-21 01:52:33.454,
cmkndbkdc000q3geo5iljwpoo,60/4 RED,60-4-red,2026-01-21 01:52:33.454,
cmkndbkdc000r3geoqs0gd01b,60/6 GREEN,60-6-green,2026-01-21 01:52:33.454,
cmkndbkdc000s3geo2cmicskb,60/6 RED,60-6-red,2026-01-21 01:52:33.454,
cmkzd8pqc0000z8eoattwbt2d,20/2 AC GREEN,20-2-ac-green,2026-01-29 11:23:34.551,
